Frame,Residue,X,Y,Z
0,0,0.0,0.0,1.0
0,1,1.0,1.2246467991473532e-16,-1.0
0,2,2.0,-2.4492935982947064e-16,1.0
0,3,3.0,3.6739403974420594e-16,-1.0
0,4,4.0,-4.898587196589413e-16,1.0
0,5,5.0,6.123233995736766e-16,-1.0
0,6,6.0,-7.347880794884119e-16,1.0
0,7,7.0,8.572527594031472e-16,-1.0
0,8,8.0,-9.797174393178826e-16,1.0
0,9,9.0,1.102182119232618e-15,-1.0
1,0,0.0,0.0,0.98
1,1,1.0,0.06153470913872731,-0.9780661938597061
1,2,2.0,-0.12282656889301855,0.9722724072881882
1,3,3.0,0.18363368829401117,-0.9626415057141147
1,4,4.0,-0.24371608942155848,0.9492114979060583
1,5,5.0,0.30283665448744906,-0.9320353859692503
1,6,6.0,-0.36076206163098634,0.9111809561704856
1,7,7.0,0.41726370573377286,-0.8867305114166983
1,8,8.0,-0.47211860061968236,0.8587805464429855
1,9,9.0,0.5251102590794179,-0.827441366991974
2,0,0.0,0.0,0.96
2,1,1.0,0.12031990422173235,-0.9524301132618986
2,2,2.0,-0.23874229167826114,0.9298398346834857
2,3,3.0,0.3533995705772908,-0.8925854264527213
2,4,4.0,-0.4624835271376477,0.8412544128421084
2,5,5.0,0.5642738422007746,-0.7766563145999492
2,6,6.0,-0.657165221691541,0.6998098823245551
2,7,7.0,0.7396927130647595,-0.61192703015874
2,8,8.0,-0.8105548084819356,0.5143937231798349
2,9,9.0,0.8686339703673794,-0.4087481199024682
3,0,0.0,0.0,0.94
3,1,1.0,0.17613843571058152,-0.9233500156849672
3,2,2.0,-0.34603707952359797,0.873989896734956
3,3,3.0,0.5036771872802573,-0.7936682499718938
3,4,4.0,-0.6434742795729683,0.6852305097761258
3,5,5.0,0.7604759747124509,-0.5525181371549243
3,6,6.0,-0.8505374293180589,0.4002325340711671
3,7,7.0,0.9104681714609133,-0.23376849393496307
3,8,8.0,-0.9381451247225754,0.05902308835755171
3,9,9.0,0.9325878192356089,0.11781323955044795
4,0,0.0,0.0,0.92
4,1,1.0,0.22879469619166645,-0.8910965082383406
4,2,2.0,-0.44321338017357814,0.8062021456403545
4,3,3.0,0.6297833374543933,-0.6706511372276989
4,4,4.0,-0.776781691461854,0.49296065138067685
4,5,5.0,0.8749719949915415,-0.2842956348249512
4,6,6.0,-0.9181845901540099,0.057767277966969
4,7,7.0,0.9037042706703934,0.17239080941886803
4,8,8.0,-0.832440888268738,-0.391716948239867
4,9,9.0,0.7088721833537267,0.5864300705687938
5,0,0.0,0.0,0.9
5,1,1.0,0.27811529493745274,-0.8559508646656382
5,2,2.0,-0.529006727063226,0.7281152949374526
5,3,3.0,0.7281152949374529,-0.5290067270632256
5,4,4.0,-0.8559508646656384,0.2781152949374523
5,5,5.0,0.9,4.959819536546781e-16
5,6,6.0,-0.8559508646656381,-0.27811529493745324
5,7,7.0,0.7281152949374532,0.5290067270632252
5,8,8.0,-0.5290067270632253,-0.7281152949374531
5,9,9.0,0.27811529493745335,0.855950864665638
6,0,0.0,0.0,0.88
6,1,1.0,0.32394960636251674,-0.8182033075816612
6,2,2.0,-0.6024014532172463,0.6414923921308419
6,3,3.0,0.7962478061700976,-0.3746857765772631
6,4,4.0,-0.878263521016879,0.05525565718579509
6,5,5.0,0.836929734339735,0.2719349550499542
6,6,6.0,-0.6780516536426934,-0.5609331109788483
6,7,7.0,0.4239432332095094,0.7711498784386
6,8,8.0,-0.11029324553658636,-0.8730609371567406
6,9,9.0,-0.21884710070507182,0.8523531817931954
7,0,0.0,0.0,0.86
7,1,1.0,0.3661701907459627,-0.7781512651207766
7,2,2.0,-0.662641388787179,0.5481846311838728
7,3,3.0,0.8329815185706227,-0.21387330296177515
7,4,4.0,-0.8447670356266721,-0.16114793054372414
7,5,5.0,0.6957546151624545,0.5054953169715273
7,6,6.0,-0.41430815972747514,-0.7536237448377227
7,7,7.0,0.05399984679520857,0.8583029864483136
7,8,8.0,0.3165871153088249,-0.7996077778638955
7,9,9.0,-0.6269130195824139,0.5887105110986723
8,0,0.0,0.0,0.84
8,1,1.0,0.40467308624544107,-0.7360976112368453
8,2,2.0,-0.709235457421693,0.4500945077823566
8,3,3.0,0.8383424518797481,-0.05274403640462267
8,4,4.0,-0.7600547240714559,-0.35765460491466217
8,5,5.0,0.49373961192567706,0.6795742752749561
8,6,6.0,-0.10527991619401446,-0.8333763491041615
8,7,7.0,-0.30922462425513114,0.7810122481461305
8,8,8.0,0.6472311239316645,-0.5354361513888974
8,9,9.0,-0.8251212906120985,0.1574003042520085
9,0,0.0,0.0,0.8200000000000001
9,1,1.0,0.4393779718827773,-0.6923488989116524
9,2,2.0,-0.7419581830221361,0.34913901908335954
9,3,3.0,0.8135340550778719,0.10277325152272916
9,4,4.0,-0.6318208590761472,-0.5226876715939256
9,5,5.0,0.25339393538745786,0.7798663433620256
9,6,6.0,0.2039257074751803,-0.7942381921254777
9,7,7.0,-0.5977542744855573,0.561328626861525
9,8,8.0,0.8054755455975248,-0.15365267796029414
9,9,9.0,-0.7624167184283661,-0.30186213320143634
10,0,0.0,0.0,0.8
10,1,1.0,0.4702282018339786,-0.6472135954999579
10,2,2.0,-0.760845213036123,0.2472135954999578
10,3,3.0,0.7608452130361228,0.2472135954999582
10,4,4.0,-0.4702282018339783,-0.6472135954999582
10,5,5.0,-3.9188697572715305e-16,0.8
10,6,6.0,0.4702282018339789,-0.6472135954999577
10,7,7.0,-0.7608452130361231,0.24721359549995744
10,8,8.0,0.7608452130361227,0.24721359549995855
10,9,9.0,-0.470228201833978,-0.6472135954999584
11,0,0.0,0.0,0.78
11,1,1.0,0.49719071200397813,-0.6010003293651156
11,2,2.0,-0.7661840555683772,0.14615742537686494
11,3,3.0,0.6835192104342136,0.375767865799338
11,4,4.0,-0.28713715109404825,-0.7252256589928363
11,5,5.0,-0.24103325561245936,0.7418240827102197
11,6,6.0,0.6585757818915718,-0.41794490008361723
11,7,7.0,-0.7738494670252926,-0.09775992218015866
11,8,8.0,0.5339467426243764,0.5685955293887018
11,9,9.0,-0.04897660523286349,-0.7784608481740519
12,0,0.0,0.0,0.76
12,1,1.0,0.5202558005058036,-0.5540161568402726
12,2,2.0,-0.7585003136054864,0.04772079484227775
12,3,3.0,0.5855900645095998,0.4844422322090041
12,4,4.0,-0.09525325750887041,-0.7540071729990033
12,5,5.0,-0.44671679174227985,0.6148529157249598
12,6,6.0,0.7465383105538034,-0.14240979908515083
12,7,7.0,-0.6416892233815318,-0.40722836418403696
12,8,8.0,0.18900431424528805,0.7361232024577601
12,9,9.0,0.36613279231730467,-0.6659930768333358
13,0,0.0,0.0,0.74
13,1,1.0,0.5394367842918445,-0.5065648583872296
13,2,2.0,-0.7385397790369209,-0.046464984451691775
13,3,3.0,0.47169375241403,0.5701797996540843
13,4,4.0,0.09274659283758488,-0.7341648789727137
13,5,5.0,-0.5986725758374613,0.43496108669642986
13,6,6.0,0.7268925655392294,0.13866217279343712
13,7,7.0,-0.3965118282844573,-0.6248026648714913
13,8,8.0,-0.18403051650199204,0.7167515392351872
13,9,9.0,0.6484669432324597,-0.35649771883526804
14,0,0.0,0.0,0.72
14,1,1.0,0.5547695347985683,-0.4589452726190566
14,2,2.0,-0.7072468205246558,-0.13491454650172172
14,3,3.0,0.3468626453532347,0.630940809631582
14,4,4.0,0.26504967793296813,-0.669439069839541
14,5,5.0,-0.6847606917325106,0.22249223594996184
14,6,6.0,0.6079161063614505,0.3857952923848781
14,7,7.0,-0.0902399281662981,-0.7143225849464241
14,8,8.0,-0.4928739162686558,0.5248574117434163
14,9,9.0,0.7185792444683554,0.045209174061107214
15,0,0.0,0.0,0.7
15,1,1.0,0.5663118960624631,-0.4114496766047311
15,2,2.0,-0.6657395614066074,-0.2163118960624633
15,3,3.0,0.216311896062463,0.6657395614066075
15,4,4.0,0.4114496766047313,-0.566311896062463
15,5,5.0,-0.7,-3.000384657911015e-16
15,6,6.0,0.41144967660473086,0.5663118960624635
15,7,7.0,0.21631189606246476,-0.665739561406607
15,8,8.0,-0.6657395614066076,0.21631189606246273
15,9,9.0,0.5663118960624621,0.4114496766047326
16,0,0.0,0.0,0.6799999999999999
16,1,1.0,0.5741429893413703,-0.36436222058571754
16,2,2.0,-0.6152823956768931,-0.28952991826424956
16,3,3.0,0.08522659882372623,0.674637996893845
16,4,4.0,0.523949005087537,-0.43344831302910863
16,5,5.0,-0.6467184310807039,-0.21013155617496565
16,6,6.0,0.16910912327209998,0.6586365495674694
16,7,7.0,0.4654920320315091,-0.49569866664655904
16,8,8.0,-0.667955330495508,-0.12741929391829365
16,9,9.0,0.25032469582557915,0.6322480104040116
17,0,0.0,0.0,0.6599999999999999
17,1,1.0,0.57836240882895,-0.3179574249071319
17,2,2.0,-0.5572564308313297,-0.35364568468613805
17,3,3.0,-0.041441742889347336,0.6586976407626591
17,4,4.0,0.5971858546275731,-0.2810143324329473
17,5,5.0,-0.5339512162874643,-0.38793826651303337
17,6,6.0,-0.0827199341524418,0.6547957028675552
17,7,7.0,0.6136524806862464,-0.2429622047718858
17,8,8.0,-0.50853874023202,-0.42069983323413623
17,9,9.0,-0.12367166762658033,0.6483095854809341
18,0,0.0,0.0,0.64
18,1,1.0,0.5790893135782524,-0.2724987466016465
18,2,2.0,-0.4931284753765052,-0.4079513534391613
18,3,3.0,-0.15916152778550688,0.619893223122324
18,4,4.0,0.6286638404663607,-0.119924041334864
18,5,5.0,-0.3761825614671826,-0.5177708763999666
18,6,6.0,-0.30832235142509745,0.5608362752280729
18,7,7.0,0.6387371061940939,0.040185932498760686
18,8,8.0,-0.23559971371819438,-0.5950569509684808
18,9,9.0,-0.43811014779436075,0.4665399215497034
19,0,0.0,0.0,0.62
19,1,1.0,0.5764614212507159,-0.22823722266450033
19,2,2.0,-0.424419205675787,-0.45196054900127514
19,3,3.0,-0.2639831607703452,0.560992772528932
19,4,4.0,0.6187765716255283,0.03893012210817426
19,5,5.0,-0.19159053651246719,-0.5896550401029953
19,6,6.0,-0.4777182105209897,0.3952028736441872
19,7,7.0,0.543310141627195,0.29868727794306416
19,8,8.0,0.07770660480986857,-0.6151111148149763
19,9,9.0,-0.6005215598997513,0.15418773004220976
20,0,0.0,0.0,0.6
20,1,1.0,0.5706339097770922,-0.1854101966249684
20,2,2.0,-0.3526711513754838,-0.4854101966249684
20,3,3.0,-0.352671151375484,0.48541019662496837
20,4,4.0,0.570633909777092,0.18541019662496863
20,5,5.0,2.2043642384652356e-16,-0.6
20,6,6.0,-0.5706339097770923,0.1854101966249682
20,7,7.0,0.3526711513754836,0.48541019662496865
20,8,8.0,0.35267115137548416,-0.48541019662496826
20,9,9.0,-0.570633909777092,-0.18541019662496883
21,0,0.0,0.0,0.5800000000000001
21,1,1.0,0.5617782334546061,-0.14424013455561582
21,2,2.0,-0.27941713097899495,-0.5082578744254409
21,3,3.0,-0.42280180390441835,0.39703732143863985
21,4,4.0,0.4897101967911689,0.31077954108781797
21,5,5.0,0.17922985673746875,-0.5516127794511894
21,6,6.0,-0.5788555024883977,-0.03641850132700078
21,7,7.0,0.10868116245972043,0.5697266054226394
21,8,8.0,0.5247996904302913,-0.24695198910774244
21,9,9.0,-0.36970591405424125,-0.44689768080995684
22,0,0.0,0.0,0.56
22,1,1.0,0.5500808604080657,-0.10493353616800591
22,2,2.0,-0.20614974950341988,-0.5206748320974207
22,3,3.0,-0.47282363828112844,0.3000630051882382
22,4,4.0,0.38334637932006604,0.4082224313559902
22,5,5.0,0.3291597412837851,-0.45304951684997047
22,6,6.0,-0.506703149380971,-0.23843640327644056
22,7,7.0,-0.13926633681231818,0.5424065702320336
22,8,8.0,0.5588949679198322,0.03516269093641461
22,9,9.0,-0.07018661079601064,-0.5555842327361076
23,0,0.0,0.0,0.54
23,1,1.0,0.535741938709818,-0.06767994612472436
23,2,2.0,-0.13429253906902172,-0.5230349070094609
23,3,3.0,-0.5020793023796557,0.19878725844972628
23,4,4.0,0.2601469840149265,0.47320560722368626
23,5,5.0,0.43686917696247174,-0.3174040362379354
23,6,6.0,-0.3696554372014922,-0.39364305880756195
23,7,7.0,-0.3442089544642925,0.4160771510989262
23,8,8.0,0.45593707977108844,0.2893464692886578
23,9,9.0,0.2299208174451392,-0.4886066083316506
24,0,0.0,0.0,0.52
24,1,1.0,0.5189738987827013,-0.03265107015524297
24,2,2.0,-0.06517328145343823,-0.5158996446835286
24,3,3.0,-0.5107893703789181,0.09743828358457662
24,4,4.0,0.12931874132572455,0.5036632437868882
24,5,5.0,0.4945493884734799,-0.1606888370749725
24,6,6.0,-0.19142476739603217,-0.4834837726618909
24,7,7.0,-0.47051006728233,0.22140523161383807
24,8,8.0,0.250511910532892,0.45567947362280903
24,9,9.0,0.43905052126104793,-0.27862993338907815
25,0,0.0,0.0,0.5
25,1,1.0,0.5,3.061616997868383e-17
25,2,2.0,6.123233995736766e-17,-0.5
25,3,3.0,-0.5,-9.184850993605148e-17
25,4,4.0,-1.2246467991473532e-16,0.5
25,5,5.0,0.5,1.5308084989341916e-16
25,6,6.0,1.8369701987210297e-16,-0.5
25,7,7.0,-0.5,-2.143131898507868e-16
25,8,8.0,-2.4492935982947064e-16,0.5
25,9,9.0,0.5,2.755455298081545e-16
26,0,0.0,0.0,0.48
26,1,1.0,0.47905282964557033,0.030139449374070492
26,2,2.0,0.06015995211086617,-0.4762150566309493
26,3,3.0,-0.4714978803497706,-0.08994303100114782
26,4,4.0,-0.11937114583913057,0.46491991734174287
26,5,5.0,0.4565071278216737,0.1483281572999749
26,6,6.0,0.1766997852886454,-0.44629271322636066
26,7,7.0,-0.43431698518368905,-0.2043740599512355
26,8,8.0,-0.23124176356882384,0.4206272064210542
26,9,9.0,0.40527740424096703,0.2571968615899187
27,0,0.0,0.0,0.45999999999999996
27,1,1.0,0.45637276260465975,0.05765328743958006
27,2,2.0,0.1143973480958334,-0.4455482541191702
27,3,3.0,-0.4276971835085955,-0.16933729423495214
27,4,4.0,-0.22160669008678938,0.403101072820177
27,5,5.0,0.3721478174124755,0.270381216054538
27,6,6.0,0.31489166872719726,-0.3353255686138488
27,7,7.0,-0.293215035284397,-0.35443609167686324
27,8,8.0,-0.38839084573092736,0.24648032569033768
27,9,9.0,0.1958584741199329,0.4162204441343692
28,0,0.0,0.0,0.43999999999999995
28,1,1.0,0.4322063903206229,0.08244777841771896
28,2,2.0,0.16197480318125854,-0.40910165379083047
28,3,3.0,-0.37150428722088646,-0.23576378979075868
28,4,4.0,-0.3012007266086234,0.32074619606542065
28,5,5.0,0.25862551100868775,0.35596747752497715
28,6,6.0,0.39812390308504875,-0.18734288828863152
28,7,7.0,-0.10942355035253533,-0.4261765908965978
28,8,8.0,-0.4391317605084395,0.027627828592896756
28,9,9.0,-0.05514662276829454,0.43653046857837013
29,0,0.0,0.0,0.42000000000000004
29,1,1.0,0.4068049276740251,0.104449752609239
29,2,2.0,0.2023365431227204,-0.36804880561842274
29,3,3.0,-0.30616682351699287,-0.28750978449004927
29,4,4.0,-0.3546177287108463,0.22504725389117866
29,5,5.0,0.12978713763747818,0.39944373684396445
29,6,6.0,0.4191712259398741,-0.026372018202311713
29,7,7.0,0.07870015212600406,-0.41256064530604936
29,8,8.0,-0.3800273620357283,-0.17882730245733042
29,9,9.0,-0.2677180756944497,0.32361556196583147
30,0,0.0,0.0,0.4
30,1,1.0,0.3804226065180614,0.12360679774997899
30,2,2.0,0.2351141009169893,-0.32360679774997897
30,3,3.0,-0.23511410091698923,-0.323606797749979
30,4,4.0,-0.3804226065180615,0.1236067977499789
30,5,5.0,-9.797174393178826e-17,0.4
30,6,6.0,0.3804226065180614,0.1236067977499791
30,7,7.0,0.23511410091698937,-0.3236067977499789
30,8,8.0,-0.23511410091698914,-0.3236067977499791
30,9,9.0,-0.38042260651806153,0.1236067977499788
31,0,0.0,0.0,0.38
31,1,1.0,0.35331506463753554,0.13988733002017767
31,2,2.0,0.2601279002529018,-0.2770080784201363
31,3,3.0,-0.1617961307947276,-0.34383427993708743
31,4,4.0,-0.3792501568027432,0.023860397421138876
31,5,5.0,-0.11742645786248011,0.36140147619215834
31,6,6.0,0.2927950322547999,0.24222111610450206
31,7,7.0,0.3329965384166681,-0.18306639615865192
31,8,8.0,-0.047626628754435206,-0.37700358649950166
31,9,9.0,-0.36806160122887976,-0.0945021571226451
32,0,0.0,0.0,0.36
32,1,1.0,0.325737738887767,0.15328054496342616
32,2,2.0,0.27738476739928414,-0.2294726363095283
32,3,3.0,-0.08952835937934764,-0.3486899380063072
32,4,4.0,-0.3536234102623279,-0.06745727325086086
32,5,5.0,-0.2116026908252904,0.291246117974981
32,6,6.0,0.17343132267661734,0.315470404815791
32,7,7.0,0.35928962223417776,-0.022604587030552573
32,8,8.0,0.13252483896648407,-0.3347195349197705
32,9,9.0,-0.24643695813432762,-0.2624287058717084
33,0,0.0,0.0,0.33999999999999997
33,1,1.0,0.29794427121491357,0.1637962491945832
33,2,2.0,0.28707149467068516,-0.18218111029285877
33,3,3.0,-0.021348776639966385,-0.3393290876656123
33,4,4.0,-0.30764119783844657,-0.14476495913212478
33,5,5.0,-0.27506577808748234,0.19984698577944054
33,6,6.0,0.04261329941186311,0.3373189984469225
33,7,7.0,0.31612400520200534,0.12516234791279077
33,8,8.0,0.2619745025437685,-0.21672415651455432
33,9,9.0,-0.06370964695914588,-0.3339776652477542
34,0,0.0,0.0,0.31999999999999995
34,1,1.0,0.27018493616064476,0.17146457439327895
34,2,2.0,0.2895446567891263,-0.13624937330082312
34,3,3.0,0.04010663474057759,-0.31747670442063286
34,4,4.0,-0.2465642376882524,-0.20397567671958083
34,5,5.0,-0.3043380852144492,0.09888543819998283
34,6,6.0,-0.07958076389275398,0.30994661156116177
34,7,7.0,0.2190550738971801,0.23326996077485188
34,8,8.0,0.3143319202331804,-0.059962020667431434
34,9,9.0,0.11779985685909745,-0.2975284754842402
35,0,0.0,0.0,0.30000000000000004
35,1,1.0,0.24270509831248427,0.17633557568774194
35,2,2.0,0.2853169548885461,-0.09270509831248429
35,3,3.0,0.09270509831248415,-0.28531695488854614
35,4,4.0,-0.17633557568774202,-0.2427050983124842
35,5,5.0,-0.30000000000000004,2.113444199484067e-16
35,6,6.0,-0.1763355756877418,0.24270509831248438
35,7,7.0,0.09270509831248441,0.2853169548885461
35,8,8.0,0.2853169548885462,0.09270509831248407
35,9,9.0,0.242705098312484,-0.1763355756877423
36,0,0.0,0.0,0.28
36,1,1.0,0.215743707977221,0.17847871712963312
36,2,2.0,0.27504043020403285,-0.052466768084002954
36,3,3.0,0.13489102874848027,-0.24536587041228183
36,4,4.0,-0.10307487475170994,-0.26033741604871036
36,5,5.0,-0.266295824562643,-0.08652475842498533
36,6,6.0,-0.23641181914056422,0.1500315025941191
36,7,7.0,-0.035093305398005065,0.27779211636805384
36,8,8.0,0.19167318966003302,0.2041112156779951
36,9,9.0,0.2794474839599161,-0.017581345468207808
37,0,0.0,0.0,0.26
37,1,1.0,0.189531843129567,0.17798224754145905
37,2,2.0,0.25948694939135064,-0.016325535077621484
37,3,3.0,0.16573023733465936,-0.20033344312170517
37,4,4.0,-0.032586640726719115,-0.2579498223417643
37,5,5.0,-0.2103444185374863,-0.15282416559604306
37,6,6.0,-0.25539468518945907,0.04871914179228831
37,7,7.0,-0.13931496669453905,0.21952526063052397
37,8,8.0,0.06465937066286227,0.2518316218934441
37,9,9.0,0.22783973681140454,0.125255955266446
38,0,0.0,0.0,0.24
38,1,1.0,0.16429130542288525,0.17495247058113877
38,2,2.0,0.23952641482278517,0.015069724687035246
38,3,3.0,0.18492317826618943,-0.15298175753968554
38,4,4.0,0.030079976055433087,-0.23810752831547466
38,5,5.0,-0.1410684605501935,-0.1941640786499874
38,6,6.0,-0.2357489401748853,-0.04497151550057391
38,7,7.0,-0.2026387021204837,0.12859843079495903
38,8,8.0,-0.059685572919565284,0.23245995867087144
38,9,9.0,0.11562088178441157,0.2103136032105273
39,0,0.0,0.0,0.21999999999999997
39,1,1.0,0.1402332777447117,0.16951291341067365
39,2,2.0,0.21610319516031146,0.04122388920885948
39,3,3.0,0.19278746960965,-0.10598580830237729
39,4,4.0,0.08098740159062927,-0.20455082689541523
39,5,5.0,-0.06798373876248831,-0.2092324335849338
39,6,6.0,-0.18575214361044323,-0.11788189489537934
39,7,7.0,-0.21826523428918512,0.02757331138414673
39,8,8.0,-0.1506003633043117,0.16037309803271033
39,9,9.0,-0.013813914296449112,0.21956588025421972
40,0,0.0,0.0,0.19999999999999996
40,1,1.0,0.11755705045849459,0.16180339887498946
40,2,2.0,0.19021130325903066,0.06180339887498952
40,3,3.0,0.1902113032590307,-0.061803398874989375
40,4,4.0,0.1175570504584947,-0.1618033988749894
40,5,5.0,2.0212861992297207e-16,-0.19999999999999996
40,6,6.0,-0.11755705045849442,-0.16180339887498957
40,7,7.0,-0.1902113032590306,-0.06180339887498967
40,8,8.0,-0.19021130325903074,0.061803398874989264
40,9,9.0,-0.11755705045849478,0.16180339887498932
41,0,0.0,0.0,0.18000000000000005
41,1,1.0,0.09644882309621942,0.15197902659036275
41,2,2.0,0.16286886944388357,0.07664027248171305
41,3,3.0,0.17858064623660605,-0.022559982041574826
41,4,4.0,0.13869238369964204,-0.11473631815476425
41,5,5.0,0.05562305898749042,-0.17119017293312774
41,6,6.0,-0.04476417968967399,-0.17434496900315363
41,7,7.0,-0.13121435293585423,-0.12321847906716386
41,8,8.0,-0.17681170513116404,-0.03372863662543029
41,9,9.0,-0.1673597674598852,0.06626241948324225
42,0,0.0,0.0,0.16000000000000003
42,1,1.0,0.07708058785627446,0.1402090688070182
42,2,2.0,0.13509246808032244,0.08573228719663946
42,3,3.0,0.1596842765485235,0.010046483124690095
42,4,4.0,0.14477232839456314,-0.06812468665041164
42,5,5.0,0.09404564036679566,-0.12944271909999167
42,6,6.0,0.02005331737028859,-0.15873835221031649
42,7,7.0,-0.05889992842954854,-0.14876423774212022
42,8,8.0,-0.12328211884412632,-0.10198783835979035
42,9,9.0,-0.15716596011659023,-0.029981010333715807
43,0,0.0,0.0,0.14
43,1,1.0,0.05960910081911019,0.12667578734524274
43,2,2.0,0.1078718539886105,0.08923935856481656
43,3,3.0,0.13560164255800836,0.03481658420307967
43,4,4.0,0.13752021510201642,-0.026233384042001477
43,5,5.0,0.11326237921249266,-0.08228993532094624
43,6,6.0,0.06744551437424014,-0.12268293520614092
43,7,7.0,0.00879067273410384,-0.13972374197995804
43,8,8.0,-0.05153743737585497,-0.13016870802435518
43,9,9.0,-0.10205560783899763,-0.09583659483001641
44,0,0.0,0.0,0.12
44,1,1.0,0.044174946322161346,0.11157317830659016
44,2,2.0,0.08214565271144263,0.08747623529056939
44,3,3.0,0.10857924629592235,0.051093514987808716
44,4,4.0,0.11976320741139258,0.007534862343517623
44,5,5.0,0.11412678195541844,-0.03708203932499368
44,6,6.0,0.09246158913309471,-0.07649087876984277
44,7,7.0,0.05781044089220587,-0.10515680160526361
44,8,8.0,0.015039988027716543,-0.11905376415773733
44,9,9.0,-0.02984278645978255,-0.11622997933543573
45,0,0.0,0.0,0.09999999999999998
45,1,1.0,0.030901699437494726,0.09510565162951534
45,2,2.0,0.05877852522924729,0.08090169943749473
45,3,3.0,0.0809016994374947,0.05877852522924732
45,4,4.0,0.09510565162951533,0.03090169943749476
45,5,5.0,0.09999999999999998,5.0532154980743017e-17
45,6,6.0,0.09510565162951536,-0.030901699437494688
45,7,7.0,0.08090169943749476,-0.05877852522924726
45,8,8.0,0.05877852522924735,-0.0809016994374947
45,9,9.0,0.030901699437494788,-0.09510565162951531
46,0,0.0,0.0,0.07999999999999996
46,1,1.0,0.01989519097318836,0.07748665289029046
46,2,2.0,0.03854029392813718,0.07010453440350906
46,3,3.0,0.054763768474295045,0.05831749019371292
46,4,4.0,0.06754623404016115,0.04286614359831974
46,5,5.0,0.07608452130361222,0.024721359549995835
46,6,6.0,0.07984213827426169,0.005023241562345133
46,7,7.0,0.07858298005829507,-0.014990505166857892
46,8,8.0,0.07238616419728157,-0.034062343325205705
46,9,9.0,0.061641059422063174,-0.05099391917989506
47,0,0.0,0.0,0.06000000000000005
47,1,1.0,0.011242878875143495,0.05893723504372137
47,2,2.0,0.022087473161080715,0.05578658915329513
47,3,3.0,0.03214960769873985,0.050659675530120934
47,4,4.0,0.04107282635572138,0.04373811764528471
47,5,5.0,0.048541019662496916,0.03526711513754838
47,6,6.0,0.05428962314796124,0.025546757493904334
47,7,7.0,0.058114989667717935,0.014921393229891234
47,8,8.0,0.059881603705696354,0.003767431171758735
47,9,9.0,0.05952688207886871,-0.007519994013858347
48,0,0.0,0.0,0.040000000000000036
48,1,1.0,0.005013329342572179,0.03968458805257915
48,2,2.0,0.00994759548659421,0.038743326445145276
48,3,3.0,0.014724982107387144,0.03719105943553009
48,4,4.0,0.019270146964068646,0.03505226720175456
48,5,5.0,0.023511410091698964,0.032360679774997916
48,6,6.0,0.027381884237147585,0.02915874509685647
48,7,7.0,0.030820529711031615,0.025496959589947587
48,8,8.0,0.03377311702008066,0.02143307179915985
48,9,9.0,0.036193082098640826,0.017031171662602887
49,0,0.0,0.0,0.020000000000000018
49,1,1.0,0.0012558103905862697,0.01996053456856545
49,2,2.0,0.0025066646712860897,0.019842294026289575
49,3,3.0,0.0037476262917144985,0.01964574501457379
49,4,4.0,0.004973797743297105,0.019371663222572638
49,5,5.0,0.006180339887498959,0.019021130325903086
49,6,6.0,0.007362491053693572,0.018595529717765045
49,7,7.0,0.008515585831301468,0.018096541049320403
49,8,8.0,0.009635073482034323,0.01752613360087728
49,9,9.0,0.01071653589957995,0.01688655851004031
